Contig,Position,All-A,All-C,All-G,All-T,Sample1006-A,Sample1006-C,Sample1006-G,Sample1006-T,Sample1023-A,Sample1023-C,Sample1023-G,Sample1023-T,Sample118-A,Sample118-C,Sample118-G,Sample118-T,Sample120-A,Sample120-C,Sample120-G,Sample120-T,Sample127-A,Sample127-C,Sample127-G,Sample127-T,Sample134-A,Sample134-C,Sample134-G,Sample134-T,Sample177-A,Sample177-C,Sample177-G,Sample177-T,Sample215-A,Sample215-C,Sample215-G,Sample215-T,Sample230-A,Sample230-C,Sample230-G,Sample230-T,Sample234-A,Sample234-C,Sample234-G,Sample234-T,Sample244-A,Sample244-C,Sample244-G,Sample244-T,Sample261-A,Sample261-C,Sample261-G,Sample261-T,Sample263-A,Sample263-C,Sample263-G,Sample263-T,Sample290-A,Sample290-C,Sample290-G,Sample290-T,Sample302-A,Sample302-C,Sample302-G,Sample302-T,Sample321-A,Sample321-C,Sample321-G,Sample321-T,Sample330-A,Sample330-C,Sample330-G,Sample330-T,Sample343-A,Sample343-C,Sample343-G,Sample343-T,Sample353-A,Sample353-C,Sample353-G,Sample353-T,Sample371-A,Sample371-C,Sample371-G,Sample371-T,Sample387-A,Sample387-C,Sample387-G,Sample387-T,Sample409-A,Sample409-C,Sample409-G,Sample409-T,Sample416-A,Sample416-C,Sample416-G,Sample416-T,Sample424-A,Sample424-C,Sample424-G,Sample424-T,Sample427-A,Sample427-C,Sample427-G,Sample427-T,Sample454-A,Sample454-C,Sample454-G,Sample454-T,Sample477-A,Sample477-C,Sample477-G,Sample477-T,Sample482-A,Sample482-C,Sample482-G,Sample482-T,Sample491-A,Sample491-C,Sample491-G,Sample491-T,Sample495-A,Sample495-C,Sample495-G,Sample495-T,Sample507-A,Sample507-C,Sample507-G,Sample507-T,Sample509-A,Sample509-C,Sample509-G,Sample509-T,Sample512-A,Sample512-C,Sample512-G,Sample512-T,Sample522-A,Sample522-C,Sample522-G,Sample522-T,Sample548-A,Sample548-C,Sample548-G,Sample548-T,Sample564-A,Sample564-C,Sample564-G,Sample564-T,Sample609-A,Sample609-C,Sample609-G,Sample609-T,Sample616-A,Sample616-C,Sample616-G,Sample616-T,Sample620-A,Sample620-C,Sample620-G,Sample620-T,Sample624-A,Sample624-C,Sample624-G,Sample624-T,Sample631-A,Sample631-C,Sample631-G,Sample631-T,Sample687-A,Sample687-C,Sample687-G,Sample687-T,Sample710-A,Sample710-C,Sample710-G,Sample710-T,Sample712-A,Sample712-C,Sample712-G,Sample712-T,Sample717-A,Sample717-C,Sample717-G,Sample717-T,Sample733-A,Sample733-C,Sample733-G,Sample733-T,Sample746-A,Sample746-C,Sample746-G,Sample746-T,Sample759-A,Sample759-C,Sample759-G,Sample759-T,Sample767-A,Sample767-C,Sample767-G,Sample767-T,Sample803-A,Sample803-C,Sample803-G,Sample803-T,Sample812-A,Sample812-C,Sample812-G,Sample812-T,Sample827-A,Sample827-C,Sample827-G,Sample827-T,Sample838-A,Sample838-C,Sample838-G,Sample838-T,Sample853-A,Sample853-C,Sample853-G,Sample853-T,Sample868-A,Sample868-C,Sample868-G,Sample868-T,Sample871-A,Sample871-C,Sample871-G,Sample871-T,Sample872-A,Sample872-C,Sample872-G,Sample872-T,Sample882-A,Sample882-C,Sample882-G,Sample882-T,Sample904-A,Sample904-C,Sample904-G,Sample904-T,Sample906-A,Sample906-C,Sample906-G,Sample906-T,Sample919-A,Sample919-C,Sample919-G,Sample919-T,Sample943-A,Sample943-C,Sample943-G,Sample943-T,Sample961-A,Sample961-C,Sample961-G,Sample961-T,Sample983-A,Sample983-C,Sample983-G,Sample983-T
COG0015,89,0,0,0,0,0,148,0,65,0,0,0,283,0,1,1,226,0,0,0,30,0,0,1,177,0,1,0,324,0,0,0,68,0,0,2,192,0,6,0,144,0,1,1,428,0,1,1,404,0,0,0,216,0,254,0,76,0,3,0,244,0,4,0,116,0,0,1,379,0,1,0,358,0,0,0,255,0,51,0,115,0,12,0,272,0,24,0,93,0,27,0,204,0,194,1,133,0,33,0,126,0,1,0,295,0,0,0,166,0,0,0,143,0,1,0,299,0,0,0,308,0,38,0,114,0,0,0,273,0,13,0,251,0,3,0,225,0,19,0,290,0,0,0,184,0,64,0,153,0,0,0,337,0,98,1,153,0,2,0,222,0,213,0,89,0,5,0,115,0,11,1,105,0,0,0,137,0,0,1,377,0,121,0,261,0,65,0,264,0,0,0,217,1,0,1,328,0,0,0,116,0,13,1,358,0,19,0,319,0,0,0,229,0,0,2,315,0,0,0,164,0,15,0,105,0,20,0,88,0,151,0,0,0,0,0,69,0,262,1,26,0,5,0,240,0,0,1,230,0,0,0,226,0,0,0,240,0,40,0,180
COG0015,123,0,0,0,0,0,229,1,0,1,261,0,0,0,220,0,0,0,33,0,0,0,183,1,0,0,336,0,1,0,68,0,0,0,187,0,0,0,160,0,0,0,414,0,0,1,406,1,1,0,207,0,0,1,342,0,0,0,261,0,0,0,125,0,1,0,392,0,0,0,325,0,0,0,246,0,0,0,160,0,1,0,279,2,0,0,126,0,0,0,241,0,0,0,351,0,1,0,175,0,0,0,295,1,0,0,168,0,0,0,139,0,0,0,287,1,1,0,280,0,0,0,149,0,0,0,251,0,0,0,272,0,0,0,215,1,0,1,291,0,0,0,173,0,0,0,231,1,0,0,339,1,1,0,273,0,0,0,240,0,0,0,346,1,0,0,115,0,0,0,105,0,1,0,132,0,0,0,348,0,0,0,383,1,0,0,330,0,0,0,207,0,0,0,324,1,0,0,118,1,0,0,365,1,1,1,337,1,0,0,234,1,1,0,312,1,0,0,150,0,0,0,133,0,0,0,100,0,0,0,171,0,1,0,70,0,0,1,293,1,0,0,220,0,1,0,244,0,1,0,210,0,1,0,227,0,0,0,233,2,0
COG0015,182,0,0,0,0,0,254,0,0,0,271,0,0,0,217,0,0,0,31,0,0,0,175,2,1,0,318,2,0,0,74,0,0,0,188,0,0,0,156,0,0,0,456,0,1,0,409,1,2,0,210,0,1,0,352,0,0,0,257,1,0,0,120,1,0,0,386,0,0,0,358,0,0,0,253,0,0,0,162,0,0,0,279,2,0,0,142,0,0,1,232,1,0,0,316,0,0,0,189,3,0,1,349,1,0,0,172,0,0,0,152,0,0,1,297,0,1,0,294,1,1,0,149,0,1,0,238,2,1,0,235,1,0,0,204,0,0,1,278,2,0,0,180,0,0,0,259,2,2,1,303,0,0,1,275,1,1,0,246,0,0,0,337,2,0,0,111,0,0,0,109,0,0,0,133,0,0,1,356,1,0,0,390,0,0,0,348,1,2,0,195,0,0,0,349,1,0,0,135,0,0,0,352,0,0,0,342,0,0,0,260,1,0,0,328,0,0,0,133,0,0,1,126,0,0,0,113,0,0,0,196,0,0,0,73,0,0,0,303,0,0,1,210,1,1,0,219,0,0,0,218,0,0,0,223,0,1,0,224,0,0
COG0015,190,0,0,0,0,0,0,0,254,0,0,0,275,0,0,0,215,0,0,0,29,0,1,1,182,0,0,2,323,0,0,0,73,0,0,1,179,0,1,1,157,0,0,2,453,0,0,1,405,0,0,0,209,0,1,1,355,0,2,1,257,0,0,1,129,0,1,1,401,0,1,0,377,0,0,0,264,0,0,1,170,1,0,0,272,0,0,0,139,0,2,1,239,1,0,1,318,0,0,2,193,1,0,1,353,0,0,1,171,0,0,0,148,0,1,0,300,0,1,1,296,0,0,1,155,1,0,1,248,0,0,0,238,0,0,0,205,0,0,1,285,0,1,1,171,0,0,1,266,0,0,2,313,0,0,0,273,0,0,0,255,1,3,2,322,0,0,0,117,0,0,1,105,0,0,1,139,0,0,1,360,0,1,2,377,1,0,1,357,0,1,2,194,0,2,0,359,0,0,1,139,1,1,1,357,0,1,0,344,0,1,0,266,0,2,2,320,1,0,0,131,0,0,0,130,0,0,0,115,0,0,1,195,0,0,0,76,0,0,0,304,0,0,0,215,1,0,0,217,0,0,0,220,0,0,0,225,0,0,3,214
COG0015,209,0,0,0,0,1,53,0,186,0,150,0,104,0,74,0,117,0,12,0,15,0,189,0,2,0,196,1,119,0,34,0,36,1,94,0,80,0,104,0,60,0,284,0,154,1,290,0,120,0,222,0,0,0,59,0,280,0,214,0,42,0,90,0,44,0,200,2,187,1,292,0,88,0,232,0,24,0,92,1,74,0,266,0,9,0,99,0,25,0,203,0,40,0,132,1,187,0,23,0,163,0,308,0,56,0,126,1,57,0,141,0,3,0,305,0,11,0,251,0,62,0,125,0,29,1,0,0,236,0,201,0,22,0,182,0,28,0,269,0,19,0,0,0,161,0,186,1,69,0,248,2,64,0,155,0,105,0,192,1,52,0,80,0,220,0,92,0,22,0,104,0,11,0,97,0,48,0,222,0,148,0,82,2,272,0,273,0,83,0,91,0,108,0,318,1,29,0,141,0,4,0,364,0,12,0,268,0,60,0,223,0,33,1,292,0,46,0,123,0,17,1,112,0,13,0,59,1,43,0,0,0,184,0,59,0,13,0,16,1,270,1,177,0,46,0,209,0,0,0,221,0,7,0,140,0,86,1,151,1,61
COG0015,217,0,0,0,0,27,0,234,0,99,0,159,0,121,0,75,0,18,0,12,0,2,0,202,0,123,0,192,0,40,0,33,0,85,1,96,0,45,0,119,0,145,0,277,1,117,0,303,1,0,0,228,0,3,0,368,0,31,0,226,0,43,0,94,0,190,1,208,0,93,0,296,0,27,0,233,1,23,0,158,1,6,0,272,0,2,0,120,0,11,0,228,0,10,1,325,0,111,0,90,1,57,0,303,0,56,0,123,0,3,0,130,0,10,0,301,0,59,1,258,1,0,0,156,0,238,0,0,0,14,0,212,0,23,0,187,0,6,0,288,1,166,0,0,0,8,0,260,0,71,1,245,0,7,0,263,0,51,1,189,0,20,0,296,0,19,0,96,1,2,0,110,0,47,1,94,1,153,0,221,0,160,0,203,0,12,0,364,0,102,0,95,3,25,0,323,0,0,0,143,0,1,0,361,0,38,0,306,0,32,0,219,0,51,0,297,0,16,0,123,1,1,0,125,0,23,0,78,0,0,0,206,0,13,0,59,0,13,0,303,0,44,0,179,0,0,0,207,0,7,0,234,0,87,0,144,0,15,0,206,1
COG0015,236,0,0,0,0,12,172,53,0,1,92,153,0,1,124,76,0,0,21,15,0,0,2,209,0,0,129,189,0,0,35,28,0,0,89,98,0,11,40,99,0,0,137,270,0,0,114,296,0,0,1,236,0,1,296,60,0,5,33,212,0,0,45,92,0,0,195,197,0,0,81,294,0,0,30,230,0,51,29,94,0,9,4,271,0,24,2,97,1,30,8,201,0,0,207,124,2,49,104,28,0,0,51,287,0,0,50,128,0,0,3,131,0,0,8,298,1,0,55,262,1,31,0,125,0,0,230,1,0,12,16,208,1,6,16,200,0,16,5,282,0,0,147,1,0,30,49,186,0,0,70,252,1,37,63,154,0,4,52,173,1,9,203,82,0,2,28,93,2,5,3,99,0,0,58,98,0,1,141,217,2,108,158,79,0,44,53,280,0,0,104,100,0,0,25,325,0,1,1,137,0,7,0,335,0,24,42,285,0,2,22,216,0,0,52,289,0,0,14,122,0,11,0,111,0,22,19,57,0,184,0,0,0,0,12,59,0,53,232,16,0,4,42,168,0,0,0,197,0,0,11,222,0,0,87,152,0,0,55,165,0
COG0015,239,0,0,0,0,184,0,53,0,91,1,154,0,122,1,76,1,21,0,15,0,2,0,214,1,128,1,187,0,35,0,30,0,89,0,100,0,51,0,97,0,138,0,273,0,114,0,293,0,2,0,228,1,297,0,60,0,39,0,207,0,45,0,89,0,193,1,195,0,80,1,294,2,30,0,228,0,79,1,97,0,13,0,268,0,25,0,97,0,37,0,202,0,210,0,124,0,153,0,27,0,51,0,290,0,50,0,131,0,3,0,128,1,8,0,294,0,55,1,264,0,31,0,122,1,230,1,0,0,28,0,211,0,22,0,193,0,21,0,280,0,147,1,0,0,78,0,186,0,70,0,254,0,99,0,152,0,55,0,177,0,210,1,80,0,29,0,92,0,8,0,99,1,57,1,97,0,143,0,214,1,264,2,78,1,97,0,284,0,104,0,100,0,25,0,317,0,1,0,135,1,7,1,336,0,64,1,287,1,24,0,217,0,50,0,294,0,15,0,118,0,11,0,111,0,40,0,57,0,184,0,0,0,12,1,56,0,284,1,17,0,46,0,167,0,0,0,201,0,11,0,229,0,86,0,155,0,55,0,162,0
COG0015,251,0,0,0,0,0,174,0,49,0,88,0,157,0,124,0,73,0,26,0,13,0,2,0,215,1,124,0,188,0,30,0,29,0,82,0,101,0,52,0,96,0,134,1,264,0,123,0,289,0,3,0,220,0,300,0,56,0,37,0,202,0,51,0,94,1,193,0,193,1,87,0,292,0,29,1,225,1,81,0,94,0,19,1,264,0,28,1,93,0,37,2,212,0,213,0,116,0,157,0,28,0,53,0,297,1,51,1,127,0,1,0,135,0,9,1,288,0,46,0,261,0,33,0,118,0,231,0,0,0,26,0,223,0,21,0,204,0,19,1,277,0,144,0,0,0,78,0,190,0,70,1,256,0,100,1,153,0,52,0,159,1,221,0,77,0,28,0,94,0,11,1,89,0,55,0,99,1,146,0,197,0,271,0,79,0,92,1,273,0,105,1,101,0,28,3,323,0,1,0,138,0,8,0,324,1,65,0,285,0,25,0,213,0,51,0,287,0,14,0,120,0,13,1,116,1,40,0,61,0,181,0,0,0,12,0,61,0,294,1,17,0,44,0,174,0,0,0,226,0,13,0,232,0,84,0,145,0,52,1,163
COG0015,255,0,0,0,0,0,0,240,1,0,0,255,0,0,0,207,1,0,0,42,0,0,0,219,1,1,0,331,1,0,0,62,0,0,0,190,0,1,0,153,1,0,1,419,0,0,0,430,1,0,0,219,1,1,1,386,0,0,0,245,1,0,0,145,0,1,0,396,0,0,0,392,1,0,0,263,1,0,0,187,0,0,0,282,0,0,0,123,0,0,0,256,1,0,0,348,0,0,0,204,0,0,0,360,0,0,0,188,1,0,0,133,1,1,0,296,0,0,0,308,2,0,0,155,0,0,0,258,0,0,0,257,0,0,0,223,0,1,1,306,1,0,0,155,0,0,0,275,1,0,0,342,0,0,0,263,0,0,1,218,0,0,0,315,0,0,0,127,0,0,0,99,0,1,0,149,0,0,0,356,0,0,0,383,1,0,0,377,0,0,1,206,0,0,0,356,1,0,0,143,0,0,1,337,0,0,0,356,2,0,0,241,0,0,0,342,0,1,0,138,1,0,0,128,1,0,0,107,0,0,0,205,1,0,0,72,1,1,0,339,0,1,0,226,1,0,0,231,2,0,0,244,0,0,1,234,0,0,0,220,0
COG0015,263,0,0,0,0,1,217,0,11,0,240,0,15,0,194,0,16,0,13,0,29,1,217,0,3,0,330,0,0,0,28,0,29,0,192,1,0,0,149,0,5,0,424,1,1,0,406,0,14,0,226,0,1,0,374,0,0,0,239,0,16,0,136,1,12,0,388,0,0,0,370,0,18,0,254,0,19,1,169,1,10,0,281,0,3,0,124,0,2,0,245,1,2,0,345,1,6,0,195,0,6,0,337,1,16,0,179,2,4,0,133,0,1,0,293,0,11,0,257,0,48,0,151,2,0,0,267,0,0,0,255,0,19,0,212,0,6,0,303,0,6,0,6,0,138,1,277,0,5,0,296,1,51,0,253,0,8,0,213,0,2,0,309,0,3,0,125,0,0,0,99,0,6,0,131,0,16,0,289,0,57,1,376,2,0,1,371,1,12,0,207,0,0,0,324,1,18,0,140,0,0,0,342,0,0,0,363,0,0,1,242,0,3,0,337,1,0,0,126,0,4,0,131,0,0,1,90,0,19,0,211,0,0,0,62,0,13,0,335,1,1,0,181,0,38,2,235,0,0,0,233,0,15,0,219,0,13,1,203,0,12
COG0015,306,0,0,0,0,227,0,0,0,265,0,0,0,237,0,0,0,39,0,0,0,228,0,0,0,319,1,0,0,49,0,0,0,187,0,1,0,144,0,1,0,446,1,0,0,407,1,0,0,219,2,1,0,363,0,0,0,257,1,1,0,150,0,1,0,384,1,1,0,375,1,1,0,288,0,0,0,173,1,0,0,276,1,1,0,133,1,1,0,231,0,1,0,334,2,1,0,190,0,0,0,336,0,1,0,202,0,0,0,139,0,0,1,297,0,1,0,275,0,0,0,140,0,1,0,252,0,0,0,283,0,1,1,217,0,1,0,312,1,1,2,188,0,0,0,257,1,0,0,353,1,1,0,298,0,2,0,222,0,0,0,337,0,0,0,114,0,1,0,94,0,1,0,136,0,0,0,342,1,0,0,393,1,0,0,379,1,1,0,206,0,0,0,349,1,1,0,130,0,1,0,342,1,0,0,341,0,0,0,237,0,0,0,302,1,1,1,125,0,0,0,129,0,0,0,120,0,2,0,210,1,2,0,71,0,0,0,300,0,1,0,229,1,0,0,242,1,0,0,252,1,1,0,215,0,0,0,230,0,0,0
COG0015,317,0,0,0,0,0,1,207,22,0,0,271,0,0,0,233,0,0,0,37,0,0,0,206,0,1,0,317,0,0,0,54,0,0,0,189,1,0,0,131,5,0,0,457,0,0,1,391,0,0,0,221,0,0,0,355,1,0,0,263,4,0,0,139,6,1,0,382,1,1,0,393,0,1,0,288,0,1,0,108,57,0,1,257,19,0,0,111,28,0,0,206,20,1,0,343,0,1,1,143,43,1,0,332,0,0,0,202,0,0,0,142,0,1,1,294,0,0,0,266,1,0,0,109,29,0,0,257,0,1,0,272,13,0,0,216,7,0,0,298,13,0,0,189,0,1,0,239,24,3,0,363,0,0,1,223,67,0,0,218,2,0,0,330,11,0,0,106,4,0,0,87,13,0,0,134,0,0,0,348,1,0,0,287,93,0,0,332,46,0,0,213,1,1,0,357,1,0,0,127,2,0,0,333,17,0,0,294,27,0,0,249,0,1,0,306,0,1,0,134,0,0,0,124,13,1,0,111,22,0,0,0,191,0,0,75,0,0,0,236,48,0,0,231,5,0,0,239,1,1,0,250,0,1,0,221,0,0,0,228,0
COG0015,322,0,0,0,0,0,237,1,1,1,271,0,0,1,231,0,0,0,38,0,0,1,213,0,0,2,320,1,0,0,51,0,0,0,191,0,0,0,140,0,0,1,453,0,0,3,393,0,0,1,215,1,2,0,357,1,0,1,266,0,0,0,144,0,1,0,383,0,1,0,394,0,0,1,278,0,2,0,172,0,0,1,273,1,0,0,145,0,0,0,224,0,0,0,342,0,0,0,203,0,0,0,338,0,1,0,202,0,0,1,140,1,0,2,298,1,0,0,272,0,0,0,138,0,1,0,255,0,0,0,280,1,0,0,218,0,0,2,303,0,1,1,193,0,0,1,267,0,0,1,360,0,0,0,300,0,0,0,216,2,0,1,339,0,0,0,103,1,1,0,103,0,0,0,135,0,0,0,359,0,0,1,400,0,0,1,384,0,0,0,217,0,0,1,357,0,1,0,127,1,0,0,358,0,0,0,322,0,0,0,247,0,0,0,315,0,1,0,139,0,0,0,139,0,0,0,136,0,0,0,207,0,1,0,76,0,0,0,287,0,0,2,226,0,0,1,247,0,0,0,255,0,1,0,221,0,0,1,220,1,0
COG0015,402,0,0,0,0,1,249,0,0,1,255,0,0,0,219,0,0,0,34,0,0,0,215,1,0,1,336,0,0,0,62,0,0,0,188,0,0,0,152,0,0,0,467,0,2,0,374,1,0,0,232,0,1,0,332,0,1,0,278,0,0,0,136,0,0,1,396,0,2,0,402,2,0,0,298,1,1,0,163,0,0,0,271,0,1,0,121,0,0,1,230,0,2,0,349,0,0,1,194,0,0,0,347,0,2,0,194,0,0,0,159,0,0,1,306,0,0,0,280,0,1,0,159,0,2,0,267,0,1,1,245,0,1,0,200,0,0,2,293,0,0,0,173,0,0,0,301,0,0,1,346,0,1,0,248,0,1,1,215,1,0,0,326,0,1,0,119,0,0,0,111,0,0,0,158,0,0,0,385,0,1,0,390,1,3,0,386,1,0,0,181,1,0,0,351,0,1,0,134,0,0,1,354,1,0,0,352,3,1,0,268,0,0,2,364,1,1,1,134,0,0,0,152,1,0,0,116,0,0,0,205,0,1,0,77,0,0,0,305,0,0,1,235,0,0,0,212,1,2,1,241,0,1,0,252,1,1,0,219,1,0
COG0015,434,0,0,0,0,48,1,165,0,138,1,79,0,80,0,131,0,11,0,23,0,215,1,1,0,195,0,139,0,22,0,38,0,105,0,93,0,99,0,57,0,290,0,143,1,262,1,119,0,225,0,2,0,63,0,249,1,214,1,25,0,92,0,46,0,196,1,179,1,272,1,87,0,273,1,27,0,73,0,80,2,231,1,21,0,105,0,30,0,197,0,39,0,132,0,185,1,29,0,132,0,260,1,74,0,137,0,65,1,158,0,6,0,268,0,11,0,237,0,44,0,112,1,35,1,0,0,248,0,211,0,24,1,174,0,22,0,276,0,20,0,1,0,157,0,187,1,83,2,273,1,80,0,123,0,110,0,153,0,63,0,54,1,242,0,81,1,25,0,91,0,12,0,95,0,61,0,203,2,160,0,83,0,276,0,271,0,97,0,93,0,70,1,312,1,36,0,137,0,2,0,335,0,6,0,306,0,84,0,218,2,35,0,280,0,49,0,108,0,15,0,130,0,18,0,61,0,36,0,0,0,176,0,62,0,10,0,15,0,275,0,189,0,36,0,204,1,0,0,238,0,7,0,143,0,95,0,143,0,50,1
COG0015,449,0,0,0,0,5,0,221,1,12,0,217,0,8,0,228,0,23,0,13,0,1,0,198,0,1,0,328,0,37,0,18,0,0,1,202,1,6,0,163,0,0,0,462,0,19,0,383,0,0,0,228,1,0,1,337,0,11,0,241,0,16,0,123,0,0,0,401,0,21,0,358,0,18,0,274,0,6,0,146,0,5,1,243,0,2,0,127,0,1,0,253,0,9,0,352,0,7,0,171,0,19,1,326,0,10,0,204,0,6,0,164,0,14,0,261,0,45,0,243,0,0,0,162,0,0,1,274,0,15,0,225,1,7,0,189,0,8,0,313,0,144,0,7,0,5,0,273,1,54,0,308,1,5,0,265,0,4,0,207,0,6,0,332,0,0,0,108,0,4,0,91,0,10,0,143,0,81,0,298,0,0,0,379,1,13,0,350,0,0,0,178,0,17,0,320,0,0,0,126,0,1,0,326,0,1,1,373,0,4,0,249,0,1,0,336,0,2,0,134,0,0,1,151,0,20,0,82,0,0,0,204,0,11,0,63,0,4,0,320,0,26,0,192,0,0,0,211,0,13,0,218,0,17,1,219,0,15,0,187,0
COG0015,462,0,0,0,0,228,0,0,0,250,1,0,0,227,2,0,1,38,0,0,0,190,0,0,0,320,1,0,1,62,0,0,0,197,0,0,0,163,1,1,0,461,1,1,0,421,0,3,0,232,1,1,0,342,2,2,0,246,1,0,0,142,1,0,0,407,2,1,0,371,1,0,1,279,1,2,0,157,1,0,0,259,0,0,0,131,0,0,0,250,0,0,0,383,1,0,0,169,0,0,0,339,1,1,0,211,2,0,0,170,0,0,0,268,2,0,1,288,1,0,0,158,1,0,0,269,2,1,0,250,0,0,1,192,1,0,1,326,1,0,0,172,2,0,0,288,1,0,0,358,0,1,0,273,1,1,0,205,0,0,0,335,1,0,0,106,1,0,0,86,0,1,0,147,0,0,0,392,2,0,0,366,3,0,0,366,2,0,0,174,1,0,0,348,0,1,1,132,0,0,0,336,1,0,0,377,0,0,2,247,1,0,0,331,1,0,0,142,0,0,0,158,0,0,0,103,1,0,0,202,0,0,1,81,0,0,0,334,0,0,0,225,1,0,0,215,1,0,0,237,2,0,0,240,1,0,0,215,0,1,0
COG0015,482,0,0,0,0,0,11,0,205,0,77,0,166,0,127,0,101,0,0,0,42,0,0,1,194,0,118,2,191,0,0,0,68,0,91,1,97,0,35,0,118,0,144,1,287,0,118,2,297,0,1,1,223,0,6,0,357,0,14,1,241,1,28,0,119,1,185,1,204,0,80,2,297,0,8,1,262,0,20,0,146,0,0,2,268,0,0,1,133,0,4,0,245,0,5,0,369,0,72,1,87,0,37,2,287,0,59,0,158,0,0,1,169,1,0,0,277,1,5,4,262,0,1,0,170,1,251,0,0,0,1,2,257,0,7,0,194,0,0,3,304,0,6,0,170,0,1,1,273,0,24,0,337,1,0,1,271,0,52,1,157,0,13,0,311,0,24,0,77,0,0,0,88,0,44,0,100,0,90,0,288,0,182,1,186,2,0,3,369,0,84,0,94,0,11,0,355,0,0,2,127,0,0,1,337,1,50,0,314,0,33,1,214,0,39,1,268,0,17,0,135,0,0,0,152,0,0,0,94,0,0,1,195,0,0,0,78,0,8,1,328,0,0,0,217,0,0,0,217,0,0,1,244,0,90,0,141,0,1,0,208
COG0015,503,0,0,0,0,0,152,0,77,0,13,0,233,0,12,0,238,0,26,0,14,0,0,0,202,0,0,0,326,0,42,0,21,0,0,0,189,0,6,1,140,1,1,0,432,0,13,0,409,0,0,0,207,0,277,0,61,0,14,0,241,1,16,0,132,0,1,1,437,0,15,2,362,0,18,0,248,0,15,0,161,0,5,0,261,0,2,0,139,0,6,0,237,0,206,1,150,0,5,0,167,1,12,0,312,0,13,0,206,0,8,0,140,1,12,0,279,0,43,0,233,0,1,0,167,0,0,0,270,0,10,0,254,0,13,1,196,0,7,0,308,0,158,1,6,0,49,1,213,0,40,2,325,0,60,0,214,0,7,0,228,1,242,0,77,0,0,0,109,0,2,0,91,0,17,0,130,0,59,0,320,0,0,1,402,0,37,0,334,0,1,0,196,0,21,1,334,0,0,0,132,0,1,0,362,0,2,2,357,0,5,0,256,1,0,0,301,0,3,1,164,0,0,0,149,0,17,1,87,0,1,0,187,0,9,1,71,0,225,0,90,0,28,0,180,0,0,0,230,0,9,0,249,0,7,0,221,0,64,0,142
COG0015,527,0,0,0,0,0,0,94,148,1,0,250,0,0,0,250,2,0,0,48,0,0,0,187,0,0,0,334,1,0,0,58,0,0,0,174,0,0,0,141,0,0,0,452,0,0,0,395,0,0,0,215,0,0,0,59,267,1,0,270,0,0,0,136,2,1,0,436,0,0,1,401,0,0,0,264,0,0,0,171,7,0,0,274,0,0,0,130,0,1,0,231,0,0,0,154,192,0,0,173,0,1,0,325,1,0,0,219,0,0,0,153,0,1,0,313,0,0,0,272,0,0,0,169,0,0,1,275,0,0,0,251,0,0,0,204,0,2,1,326,0,0,0,176,0,0,0,233,34,0,1,350,0,0,0,228,47,0,0,229,0,0,0,70,241,0,0,122,1,0,0,99,0,0,0,154,0,0,1,402,0,0,1,405,0,0,0,337,19,0,0,204,0,0,1,348,0,0,1,133,0,1,0,375,1,0,0,345,1,0,1,253,0,1,0,329,0,1,0,163,0,0,0,163,0,0,0,115,0,0,0,205,0,0,0,84,0,0,0,79,209,0,0,215,0,1,0,228,0,1,0,255,1,0,0,240,0,0,0,178,41
COG0015,551,0,0,0,0,0,1,263,0,0,0,247,1,0,0,254,0,0,0,46,1,0,0,190,0,0,0,329,2,0,0,55,0,0,0,177,0,0,0,149,0,1,1,443,2,0,1,401,1,0,0,205,0,0,0,356,0,0,0,265,1,0,0,132,1,0,0,408,2,0,0,407,1,0,0,262,0,0,1,182,0,0,0,271,0,0,0,129,0,1,0,254,0,0,0,363,0,0,0,183,0,0,0,324,1,0,0,198,0,0,0,152,0,0,0,316,0,1,0,257,2,0,1,144,1,0,0,260,0,0,0,243,0,0,0,204,0,0,0,324,0,0,0,193,0,0,0,275,0,0,0,353,0,0,0,263,0,0,0,232,0,1,0,321,2,0,1,137,0,0,0,103,0,0,0,164,1,0,0,407,0,0,0,404,0,1,0,364,1,1,0,198,1,0,0,377,1,0,0,132,0,0,0,372,0,1,0,324,2,0,0,252,0,0,1,340,0,0,0,161,0,0,0,167,0,0,1,112,0,0,0,200,0,0,0,78,0,0,0,310,1,0,0,215,1,0,0,249,0,0,0,273,1,0,0,248,0,0,0,234,0
COG0015,554,0,0,0,0,232,1,0,23,247,0,0,0,250,1,0,0,47,0,0,0,193,0,0,0,331,1,0,0,55,0,0,0,175,0,0,1,138,0,0,10,445,0,0,0,398,0,0,1,206,1,0,0,353,0,0,0,265,1,0,6,126,0,0,4,399,0,0,0,412,0,0,0,265,0,1,0,125,0,0,54,248,1,1,12,106,0,0,20,221,0,1,32,366,2,0,0,130,0,0,46,320,0,0,0,201,1,0,0,153,0,1,0,321,0,0,0,263,1,0,0,120,0,0,22,259,0,0,0,233,0,1,7,206,1,0,1,299,0,0,16,190,0,0,0,235,1,1,32,352,1,1,0,208,0,0,52,229,0,0,6,314,1,0,8,130,1,0,8,87,0,0,15,170,0,0,1,406,1,1,0,277,0,0,110,313,0,0,44,192,0,0,0,379,1,0,0,132,0,0,1,361,0,0,9,304,0,0,29,250,0,2,0,333,1,1,0,162,0,0,0,147,0,0,15,87,0,0,24,0,0,0,182,74,0,0,0,252,0,1,45,207,0,0,6,246,0,0,0,271,0,2,0,246,1,1,0,218,0,1,1
COG0015,557,0,0,0,0,0,238,0,23,0,241,1,0,0,251,0,0,0,45,0,0,0,196,0,0,0,332,0,0,0,58,0,0,0,168,0,0,1,140,0,10,2,435,0,1,0,396,2,0,0,211,0,0,0,349,0,1,0,267,1,6,0,124,0,4,3,399,0,0,0,408,0,0,0,271,0,0,0,124,0,54,0,253,0,12,0,104,0,20,1,221,1,32,1,368,0,1,0,131,1,45,0,321,1,0,0,202,0,0,0,152,0,0,1,318,1,1,1,264,0,0,0,115,0,22,0,260,0,0,0,237,0,8,2,206,0,1,1,298,0,16,0,190,0,0,0,226,0,32,2,355,0,0,0,207,0,52,0,223,0,7,0,323,0,8,0,129,0,9,0,91,0,15,0,169,0,0,0,409,0,0,0,272,0,110,0,308,0,44,0,189,1,0,2,380,0,1,0,132,0,1,0,363,0,11,0,300,1,27,0,254,0,1,0,334,0,0,0,163,0,0,0,143,0,15,0,88,0,24,0,1,0,181,0,72,0,0,0,250,0,47,0,210,1,6,1,241,0,1,0,270,0,0,0,248,0,0,0,223,1,0
COG0015,596,0,0,0,0,0,66,0,193,0,162,0,75,0,96,1,136,0,46,0,0,0,190,1,0,0,190,0,133,1,59,0,0,1,83,0,89,0,123,0,41,0,296,1,158,0,255,3,123,0,207,0,0,0,52,1,262,0,232,0,35,0,103,0,28,0,191,0,194,0,296,0,99,1,253,0,11,0,81,0,85,0,245,0,12,0,93,0,26,0,208,1,34,0,151,1,203,0,39,2,135,0,269,0,45,0,141,0,48,0,160,0,1,1,317,0,1,0,269,0,2,0,105,0,26,0,0,0,239,0,242,0,9,0,176,1,13,0,274,0,21,0,180,0,13,1,167,1,79,1,313,0,29,0,139,0,112,0,159,1,36,0,54,1,251,0,94,0,35,0,86,0,12,0,97,0,49,0,298,0,89,0,81,2,271,0,278,0,68,0,93,0,81,0,347,0,16,0,120,0,1,0,340,0,8,0,271,0,73,0,228,1,31,0,277,0,48,1,145,0,19,0,138,0,25,0,84,1,24,0,0,0,192,1,67,0,0,1,15,0,260,0,205,1,3,0,250,0,2,0,268,0,2,0,178,0,81,0,203,0,31
COG0015,623,0,0,0,0,0,86,0,148,0,241,0,0,0,237,1,0,0,41,0,0,0,190,0,0,0,328,0,1,0,63,0,0,1,196,0,0,0,171,0,0,0,464,0,0,1,403,0,0,0,183,0,0,0,74,0,240,0,269,1,0,0,147,0,0,1,381,0,0,0,389,0,0,0,268,0,0,0,159,0,3,1,267,0,0,0,153,0,0,1,247,1,1,0,167,0,181,0,189,0,0,0,315,0,0,0,200,0,1,0,158,0,0,0,310,0,0,0,284,1,0,0,120,0,0,1,251,0,0,0,246,0,0,0,194,0,0,0,296,0,0,0,193,0,0,1,219,0,39,0,338,0,0,0,199,0,54,0,208,0,0,0,79,0,202,0,121,1,0,0,100,0,0,0,130,0,0,0,381,1,1,0,381,0,1,0,315,0,28,0,193,0,0,0,380,0,0,1,123,0,0,0,335,0,0,0,353,0,1,1,261,0,0,0,322,1,0,0,162,0,0,0,150,0,0,0,103,0,0,0,200,0,0,0,72,0,0,0,73,1,180,0,209,0,0,0,247,0,0,0,244,0,1,0,264,1,0,0,199,1,36
COG0015,626,0,0,0,0,0,87,1,147,1,245,1,1,0,243,0,0,0,40,0,1,2,192,0,0,1,320,1,0,0,62,0,0,0,200,0,0,0,170,0,0,0,455,0,0,1,398,1,1,1,182,1,0,0,74,0,240,1,271,1,0,0,147,0,0,1,385,0,0,1,390,1,0,1,268,0,0,0,155,0,3,0,271,0,0,0,155,0,0,0,252,0,0,0,168,1,180,1,191,0,0,0,318,0,0,0,196,0,0,0,158,0,0,0,317,0,0,0,282,0,0,0,123,0,0,0,252,0,0,1,245,0,0,0,194,0,0,1,291,0,0,0,192,0,0,0,217,0,39,0,335,0,1,1,197,0,54,0,204,0,0,0,76,1,202,0,118,0,0,0,98,0,0,0,135,0,0,2,373,1,1,0,372,0,0,0,315,0,28,0,191,1,0,1,378,0,0,0,124,0,1,0,332,0,0,0,358,0,0,1,262,0,1,0,318,0,1,0,159,0,0,0,149,0,0,0,100,0,0,0,193,0,0,0,72,0,0,0,72,0,181,0,209,0,0,0,246,0,0,0,250,0,1,0,261,1,0,0,194,0,37
COG0015,629,0,0,0,0,2,0,222,17,0,1,245,1,0,0,243,1,0,0,42,0,1,0,196,0,1,0,323,0,0,0,65,0,0,0,199,0,1,0,149,10,1,0,454,1,2,0,396,0,0,0,184,0,0,1,341,0,0,0,269,4,0,0,141,5,0,0,389,0,0,0,384,0,0,0,265,0,0,0,95,56,0,1,262,15,1,0,115,33,0,0,221,28,0,0,353,0,0,0,142,43,0,0,318,0,0,0,201,0,0,0,157,0,0,0,322,0,0,0,279,2,0,0,99,23,0,0,251,0,0,0,245,9,0,0,181,4,0,1,264,20,0,0,190,0,0,0,219,39,0,0,338,0,0,0,194,60,0,0,202,5,0,0,289,6,0,0,112,5,0,0,90,7,0,0,135,0,0,0,376,1,0,2,273,87,0,1,304,29,0,0,190,0,0,0,380,0,0,1,127,2,1,0,325,8,0,0,330,28,0,1,259,0,0,0,312,0,0,0,159,0,0,0,120,21,0,0,81,18,0,0,0,172,0,0,67,0,0,0,215,45,0,0,197,10,1,0,242,0,0,0,252,0,0,0,263,0,0,0,236,0
COG0015,641,0,0,0,0,0,176,0,65,0,0,0,257,0,0,0,235,0,0,0,41,0,0,0,190,0,0,4,320,0,0,0,67,0,0,0,192,0,11,1,144,1,0,1,457,0,0,0,389,0,0,0,180,0,270,2,66,0,4,0,259,0,9,0,139,0,2,0,395,0,0,1,384,0,0,0,253,0,61,1,96,0,13,0,262,0,35,0,117,0,25,1,216,0,187,1,159,0,47,2,132,0,0,0,317,0,0,0,205,0,0,0,151,0,0,0,318,0,0,1,284,0,23,1,107,0,1,0,254,0,10,1,241,0,7,0,183,0,20,1,266,0,0,0,179,0,78,0,177,0,0,0,329,1,110,0,136,0,4,0,208,0,216,0,70,0,3,0,106,0,8,0,84,0,0,0,129,0,1,0,379,0,87,0,274,0,63,0,269,0,0,1,197,0,0,0,373,0,1,0,131,0,8,0,316,0,30,1,336,0,0,1,265,1,0,0,311,0,0,0,149,0,22,0,118,0,17,0,84,0,179,0,0,0,0,0,68,0,229,1,25,0,10,0,200,0,0,0,237,0,0,0,244,0,1,1,250,0,40,1,190
COG0015,650,0,0,0,0,0,251,1,9,1,164,0,71,0,100,0,121,0,41,0,0,0,194,0,0,0,167,0,139,0,76,0,0,0,98,0,91,0,135,0,27,0,284,0,160,0,263,0,124,0,184,0,1,0,349,0,10,0,244,0,24,0,125,0,22,1,191,0,201,0,287,0,85,0,253,0,7,0,139,0,13,0,274,1,1,0,157,0,0,0,220,0,3,1,365,0,8,0,85,0,87,0,269,0,42,1,144,0,47,0,155,0,1,0,317,0,1,0,284,1,3,0,136,0,0,0,0,0,227,0,262,0,1,0,181,0,11,1,290,0,1,0,162,0,13,0,267,0,2,0,298,0,30,0,257,0,0,1,165,1,37,0,314,0,10,0,85,0,16,0,91,0,0,0,82,0,39,0,284,0,87,1,186,1,168,0,341,1,0,0,99,0,93,0,355,0,16,0,126,0,1,0,330,0,0,0,325,1,45,0,227,0,31,0,250,1,48,0,132,0,15,0,137,0,1,1,97,0,0,0,202,0,1,0,73,0,0,0,282,1,5,1,213,0,1,0,232,0,1,0,239,0,0,0,161,0,88,0,231,0,1
COG0015,685,0,0,0,0,0,0,1,252,1,1,0,256,0,0,1,231,0,0,0,47,0,0,0,200,0,0,1,312,0,0,0,70,0,0,0,202,0,0,0,166,0,0,3,454,0,0,0,411,0,0,0,193,0,0,0,350,0,0,2,271,0,0,0,140,0,2,2,389,0,0,1,381,0,0,0,264,0,0,0,158,0,0,0,276,0,1,1,170,0,0,2,228,0,0,4,351,0,0,0,200,0,1,1,345,0,0,0,204,0,0,0,164,0,0,2,318,0,0,0,275,0,0,0,138,0,1,0,247,0,1,1,261,0,0,0,204,0,1,1,312,0,0,1,176,0,0,0,277,0,0,2,345,0,0,1,269,0,0,0,223,0,0,0,325,0,1,0,114,0,0,0,93,0,0,0,145,1,1,2,373,0,2,1,381,0,0,2,350,0,0,2,226,0,0,1,378,0,0,0,132,0,2,2,340,0,0,2,396,0,0,1,267,0,0,2,332,0,1,0,149,0,0,0,134,0,0,0,97,0,0,2,201,0,0,0,78,0,2,2,302,0,1,2,206,0,0,0,233,0,0,0,240,0,0,0,247,0,0,0,231
COG0015,686,0,0,0,0,0,251,0,1,0,257,0,2,0,230,0,1,0,49,0,0,0,196,0,0,1,310,0,0,0,71,0,0,0,201,0,0,0,164,0,1,0,452,0,0,0,407,2,1,1,189,0,0,1,347,0,1,0,272,0,0,0,140,0,0,1,388,1,0,0,376,0,1,0,264,0,1,0,159,0,1,0,272,0,0,0,170,0,2,0,225,0,0,0,353,0,1,0,201,0,0,1,345,0,0,0,201,0,0,0,161,0,0,0,318,0,0,1,273,0,2,0,139,0,0,1,248,1,0,1,259,0,0,0,200,0,1,0,314,1,0,0,174,0,0,0,275,0,0,0,345,1,0,0,270,0,1,0,222,0,2,0,325,0,1,0,111,0,2,0,93,0,0,0,144,0,0,0,375,0,2,0,381,0,0,0,355,0,0,0,225,0,1,0,379,0,0,0,131,0,0,0,342,0,0,1,391,0,3,0,266,1,0,0,328,0,0,0,149,0,0,0,136,0,0,0,94,0,0,0,202,0,0,0,77,0,0,0,302,0,1,0,208,0,0,0,234,1,0,0,236,1,0,3,243,0,0,1,230,0,0
COG0015,707,0,0,0,0,0,0,251,1,1,0,272,0,0,0,237,0,0,0,47,0,0,0,206,2,0,0,310,1,0,0,71,0,1,0,201,0,0,0,149,0,0,1,456,1,0,0,416,2,0,0,204,0,0,1,321,0,0,0,264,0,0,0,125,0,1,0,388,0,0,1,381,1,0,0,265,1,0,0,163,0,0,0,273,2,0,0,151,2,0,0,231,0,1,0,340,1,0,0,200,0,0,0,333,0,0,0,200,1,0,0,170,0,1,0,310,0,0,0,279,2,1,0,132,0,0,0,226,0,0,0,259,1,0,0,202,0,0,1,322,0,0,0,179,0,0,0,272,0,0,0,361,1,0,0,262,2,1,0,231,1,0,0,334,1,1,0,113,2,0,0,81,0,0,0,143,0,0,1,361,1,0,0,372,0,1,0,347,0,0,0,215,1,0,0,375,0,0,0,123,0,0,0,341,0,0,1,379,0,0,0,268,0,0,0,336,1,0,0,153,0,0,0,141,0,0,0,103,0,0,0,203,0,0,0,71,0,0,0,298,1,0,0,213,0,0,0,235,1,0,0,248,0,1,0,226,1,1,0,219,0
COG0015,719,0,0,0,0,5,0,248,1,23,0,249,0,22,0,212,0,29,0,13,0,3,0,201,1,0,1,293,0,39,0,31,0,0,0,193,2,5,0,145,0,0,0,446,0,14,2,403,0,0,0,208,0,0,0,312,0,12,0,253,1,13,0,103,0,0,1,374,0,15,0,358,0,21,0,240,1,6,0,154,0,3,1,266,0,2,0,135,0,1,0,227,0,13,0,332,0,7,0,197,0,16,0,325,0,18,0,183,0,8,0,160,0,26,0,277,0,37,0,231,0,1,0,130,1,1,0,244,0,10,0,245,0,10,1,196,0,5,0,311,0,160,0,10,0,4,1,266,0,52,0,314,0,6,0,250,0,6,0,225,0,4,1,333,1,0,0,110,0,1,0,81,0,19,0,127,0,60,0,301,0,0,0,371,0,8,2,346,0,0,0,209,0,23,0,355,0,1,0,112,0,0,0,338,1,1,0,385,0,2,0,260,0,0,0,343,0,3,0,150,0,0,0,146,0,17,0,91,1,0,0,198,1,9,1,65,0,4,0,300,1,23,0,196,0,0,0,230,1,18,0,229,0,14,0,220,0,13,0,215,0
COG0015,734,0,0,0,0,0,246,0,6,0,243,0,23,0,209,0,23,0,17,0,28,0,200,0,3,0,304,0,0,0,28,0,41,0,201,0,0,0,156,0,5,0,425,0,1,0,411,0,16,0,209,1,0,1,320,0,0,0,259,0,13,0,97,0,14,0,367,0,0,0,368,0,16,0,251,0,18,0,167,0,7,0,256,1,3,0,136,0,2,0,219,0,1,0,351,0,10,0,201,1,10,0,311,0,15,0,176,0,17,0,160,0,5,0,274,0,25,0,242,0,39,0,126,0,0,0,260,0,0,1,231,0,10,0,208,0,8,1,298,0,8,0,9,0,163,0,268,0,5,0,310,0,53,0,245,0,7,0,219,0,6,1,320,1,3,0,113,0,0,0,95,0,2,0,131,0,17,0,305,0,53,0,398,0,0,0,348,0,10,1,210,1,0,2,326,0,22,0,98,0,0,0,319,0,1,1,380,0,0,0,267,0,4,0,329,0,1,0,153,0,2,0,147,0,0,0,93,0,13,0,198,0,0,0,65,0,11,0,314,0,2,0,206,0,21,0,224,0,1,0,229,0,17,0,221,0,12,0,221,0,14
COG0015,743,0,0,0,0,0,241,0,7,0,230,0,20,0,221,0,20,0,18,0,27,0,196,0,3,0,294,0,0,0,29,0,36,0,202,0,1,0,166,0,4,1,413,0,0,0,407,0,17,1,216,0,0,0,323,0,0,0,258,0,12,0,101,0,17,1,375,0,0,0,377,0,15,0,251,0,16,0,183,0,8,1,262,0,2,0,135,0,2,0,225,0,1,0,350,0,10,0,201,0,11,0,298,0,15,0,174,1,18,0,160,0,6,1,277,1,24,1,249,0,43,0,123,1,0,1,264,0,0,1,222,1,8,0,207,0,8,0,290,1,8,0,10,0,161,1,253,0,4,0,311,3,55,1,254,0,7,1,218,0,5,0,315,0,3,0,120,0,0,0,100,0,3,0,134,0,16,0,289,0,52,0,388,0,1,0,347,0,9,2,206,0,0,0,338,1,24,0,93,0,0,1,316,0,0,0,380,0,0,0,266,0,3,0,333,0,0,0,156,0,2,0,150,0,0,0,95,1,13,0,198,0,0,0,60,0,11,0,309,0,3,0,203,1,23,0,229,0,0,0,234,1,16,0,221,1,13,1,220,0,16
COG0015,768,0,0,0,0,0,230,0,9,0,192,0,79,0,88,0,132,0,44,0,0,0,189,0,0,1,173,0,124,0,76,0,0,0,102,1,89,0,134,0,24,0,271,0,137,0,273,0,118,0,211,0,0,0,320,0,8,2,255,0,22,0,89,0,24,1,181,0,182,0,293,0,79,0,238,0,11,0,171,2,21,1,264,0,0,0,132,0,0,0,236,0,1,0,365,0,5,0,98,1,91,0,246,0,41,2,137,0,52,0,167,0,0,0,297,0,0,0,293,0,6,0,127,0,0,0,1,0,236,1,240,0,0,0,199,0,7,0,297,0,1,0,174,0,9,0,254,0,0,0,353,0,24,0,246,0,0,0,187,0,45,1,303,0,10,0,83,0,26,0,102,0,0,0,95,0,51,0,263,0,72,0,199,0,185,1,362,0,0,0,88,0,96,0,340,0,12,0,88,0,0,1,351,0,0,1,323,0,43,0,214,1,37,0,291,0,47,0,129,0,16,0,151,0,0,0,114,0,0,0,195,0,0,0,70,0,0,0,289,0,4,0,228,0,1,0,224,0,0,0,256,1,0,0,138,0,93,0,235,0,0
COG0015,782,0,0,0,0,1,0,1,240,0,0,0,278,0,0,0,238,0,0,0,35,0,0,0,187,0,0,0,319,0,0,0,78,0,0,0,202,0,0,0,158,1,0,0,420,1,0,1,411,0,1,2,204,0,0,1,351,0,0,0,275,0,0,1,122,0,0,1,375,0,0,2,378,0,0,0,234,0,0,0,187,0,0,1,270,0,0,2,129,0,0,1,235,0,0,0,380,0,0,0,197,1,0,1,275,0,0,1,188,0,0,0,169,0,0,1,286,0,0,0,304,0,1,1,124,1,0,0,265,0,0,0,251,0,0,0,201,0,0,0,308,1,0,1,166,0,0,1,248,0,1,0,382,1,0,2,241,0,0,0,215,0,0,3,295,0,0,1,106,0,0,1,104,1,0,0,139,1,0,1,353,0,0,2,402,0,0,2,355,0,1,1,185,0,0,2,344,0,0,0,94,0,1,1,357,0,0,0,367,0,0,1,255,0,0,1,346,0,0,2,144,0,0,2,140,0,0,0,111,0,1,1,187,0,0,1,75,1,0,1,291,0,0,1,228,0,0,0,222,0,0,2,247,0,0,0,232,0,0,0,250
COG0015,797,0,0,0,0,0,203,0,41,0,105,0,158,0,149,0,76,0,17,0,17,0,1,1,145,0,145,0,161,0,45,1,32,0,94,0,95,0,49,0,96,0,139,3,246,0,139,0,244,0,0,0,179,0,306,1,43,1,42,0,207,0,52,0,67,1,215,2,167,0,101,1,252,0,25,0,176,0,97,0,78,0,12,0,231,0,26,0,94,0,38,1,186,1,242,1,124,0,166,0,35,1,54,2,191,0,70,0,105,0,10,0,143,0,20,0,250,0,49,3,221,0,28,1,89,0,267,0,0,0,22,0,195,0,29,0,175,0,20,0,255,1,169,0,0,0,86,0,133,1,81,1,265,0,109,0,113,0,53,0,138,0,238,0,50,0,35,0,60,0,13,0,84,0,67,1,69,0,167,1,171,1,312,1,78,0,96,1,245,0,102,1,81,0,43,2,274,0,2,0,87,0,14,1,319,2,78,1,250,0,40,0,192,0,50,1,278,0,19,0,102,0,16,0,105,0,43,0,60,0,182,0,0,0,14,0,56,0,282,0,13,0,41,0,178,0,0,0,199,0,19,0,223,0,105,0,108,2,61,0,173
COG0015,829,0,0,0,0,2,0,257,0,1,0,282,1,0,0,226,0,0,0,35,0,1,0,191,0,0,0,338,0,0,0,63,1,1,0,203,0,1,0,157,1,1,0,439,0,0,0,398,0,0,0,188,0,0,0,351,1,1,0,266,2,0,0,132,0,0,0,422,1,1,1,408,1,1,0,224,1,0,0,172,0,1,0,283,1,0,0,144,0,0,0,257,0,1,1,368,1,0,1,192,0,0,0,286,0,0,0,191,0,0,0,151,1,0,0,318,0,0,0,265,0,0,0,138,0,1,0,245,0,1,0,251,2,0,0,212,1,0,0,305,2,0,0,159,1,0,0,241,1,0,0,360,1,0,0,245,0,0,0,217,1,0,0,303,1,0,0,100,0,0,0,103,0,0,0,138,0,0,0,349,0,0,0,360,1,0,0,354,0,0,0,201,0,0,0,348,0,0,0,121,0,2,0,371,1,0,0,361,0,0,0,258,0,0,0,350,0,0,1,143,0,0,0,132,0,1,0,106,0,0,0,187,0,0,0,77,0,0,1,296,0,0,0,224,1,0,0,245,1,0,0,268,0,0,0,220,0,0,0,256,2
COG0015,862,0,0,0,0,0,267,1,1,0,280,0,0,1,228,0,1,0,48,0,0,0,197,0,3,1,305,1,2,0,67,0,0,0,198,0,0,0,153,0,2,0,459,1,0,0,404,0,2,1,169,0,0,0,373,1,0,0,280,0,0,0,121,1,1,0,420,0,1,0,416,0,2,1,240,1,0,0,152,0,1,0,283,1,2,0,152,0,1,1,240,2,0,0,352,1,1,0,207,0,1,0,304,0,1,1,191,1,0,0,142,0,1,0,307,0,1,0,249,0,0,0,140,1,0,0,247,0,1,0,252,0,0,0,211,0,0,0,311,2,0,0,162,1,1,0,238,0,0,0,331,0,0,0,254,0,1,1,211,0,0,0,305,0,0,0,94,0,0,0,116,1,0,0,131,0,1,1,386,1,0,0,382,0,1,0,372,0,0,0,212,0,0,1,348,0,0,0,123,0,0,0,377,0,0,0,367,1,1,0,271,0,0,0,355,0,0,0,147,0,0,0,123,0,0,1,106,0,0,0,204,0,0,0,85,0,0,0,313,2,0,0,213,0,0,0,237,0,0,0,257,0,0,0,215,0,0,1,247,0,0
COG0015,914,0,0,0,0,0,229,0,11,0,147,0,82,0,103,1,105,0,47,0,0,0,183,0,0,0,140,0,123,0,64,0,0,0,87,0,77,0,98,0,21,0,274,0,137,0,233,3,94,0,164,0,2,1,315,0,14,0,239,0,19,0,87,0,18,0,168,0,177,0,264,0,73,1,245,0,14,0,131,0,11,1,247,0,0,0,134,0,0,0,225,0,2,0,321,0,2,0,93,0,99,0,228,0,39,0,136,0,45,0,150,0,0,0,261,0,0,0,235,0,3,0,139,0,0,0,0,1,216,0,223,0,0,0,170,0,5,0,285,0,0,0,140,1,9,0,201,0,0,0,281,0,19,0,237,0,1,0,144,1,39,0,261,0,11,0,75,0,26,0,122,0,0,0,88,0,27,0,242,2,83,0,185,0,151,0,332,0,1,0,89,0,89,0,289,0,13,0,119,0,0,0,363,0,0,1,274,0,40,0,209,1,23,0,259,0,47,0,121,0,12,0,130,0,0,1,104,1,0,0,183,0,0,0,77,0,0,0,253,0,13,0,196,0,0,0,174,0,0,0,212,0,0,0,130,1,80,0,206,1,0
